{
    "AWSTemplateFormatVersion": "2010-09-09",
    "Description": "CloudFormation template for creating an secured serverless instance",
    "Parameters": {
        "REGION":{
            "Description":"Please select region",
            "Type":"String",
            "Default":"eu-central-1",
            "AllowedValues":["ap-south-1","eu-central-1"]
        },
        "KeyName": {
            "Description": "Key Pair name",
            "Type": "AWS::EC2::KeyPair::KeyName",
            "Default": "my_keypair_name"
        },
        "InstanceType": {
            "Description": "Select one of the possible instance types",
            "Type": "String",
            "Default": "t2.medium",
            "AllowedValues": ["t2.micro","t2.medium","t2.large","t2.xlarge"]
        },
        "S3BucketName":{
            "Description":"Enter the s3 bucket name",
            "Type":"String",
            "Default": "revaparkingdevelopment"
        },
        "PublicAccess":{
            "AllowedValues": [
                "true",
                "false"
            ],
            "Default": "true",
            "Description":"Public available True or False",
            "Type": "String"
        },
        "ProjectName":{
            "Description": "Project Name",
            "Default": "revaparkingdevelopment",
            "Type": "String"
        },
        "CostCenter":{
            "Type":"String",
            "Default": "revaparking",
            "Description": "Cost center"
        },
        "Version":{
            "Type":"String",
            "Description":"Version",
            "Default": "1.0"
        },
        "ImageId": {
            "Type": "AWS::EC2::Image::Id"
        },
        "LambdaIAM": {
            "Type": "String"
        }
    },
    "Resources":{
        "SecurityGroup":{
            "Type": "AWS::EC2::SecurityGroup",
            "Properties": {
                "GroupName": { "Fn::Sub": [ "${NAME}_SecurityGroup", { "NAME": {"Ref" : "ProjectName" }} ]},
                "GroupDescription": "SSH traffic in, all traffic out",
                "SecurityGroupIngress": [{
                    "CidrIp": "0.0.0.0/0",
                    "FromPort": 22,
                    "IpProtocol": "tcp",
                    "ToPort": 22
                },{
                    "CidrIp":"0.0.0.0/0",
                    "FromPort": 7474,
                    "IpProtocol":"tcp",
                    "ToPort": 7474
                },{
                    "CidrIp":"0.0.0.0/0",
                    "FromPort": 7687,
                    "IpProtocol":"tcp",
                    "ToPort": 7687
                }],
                "Tags" : [{
                    "Key": "ProjectName",
                    "Value": {"Ref":"ProjectName"}
                  },
                  {
                      "Key":"CostCenter",
                      "Value": {"Ref":"CostCenter"}
                  },
                  {
                      "Key":"Version",
                      "Value": {"Ref":"Version"}
                  }]
            }
        },
        "Server": {
            "Type": "AWS::EC2::Instance",
            "DependsOn":"SecurityGroup",
            "Properties": {
                "InstanceType": {"Ref": "InstanceType"},
                "KeyName": {"Ref": "KeyName"},
                "AvailabilityZone" : {
                    "Fn::Sub":[
                        "${REGION}a",
                        {
                            "REGION":{"Ref":"REGION"}
                        }
                    ]
                },
                "SecurityGroupIds": [{"Ref": "SecurityGroup"}],
                "ImageId": {
                    "Ref": "ImageId"
                },
                "BlockDeviceMappings": [{
                        "DeviceName": "/dev/sda1",
                        "Ebs": {
                            "VolumeSize": "8"
                        }
                }],
                "Tags" : [{
                    "Key": "ProjectName",
                    "Value": {"Ref":"ProjectName"}
                  },
                  {
                      "Key":"CostCenter",
                      "Value": {"Ref":"CostCenter"}
                  },
                  {
                      "Key":"Version",
                      "Value": {"Ref":"Version"}
                  }]
            }
        },
        "S3":{
            "Type" : "AWS::S3::Bucket",
            "Properties" : {
                "BucketName" : {
                    "Fn::Sub":[
                        "${ProjectName}-${S3BucketName}",{
                            "ProjectName":{"Ref": "ProjectName"},
                            "S3BucketName":{"Ref": "S3BucketName"}
                    }]
                },
                "CorsConfiguration" : {
                    "CorsRules":[{
                        "AllowedHeaders" : [ "*" ],
                        "AllowedMethods" : [ "GET","PUT" ],
                        "AllowedOrigins" : [ "*" ]
                    }]
                },
                "Tags" : [{
                    "Key": "ProjectName",
                    "Value": {"Ref":"ProjectName"}
                  },
                  {
                      "Key":"CostCenter",
                      "Value": {"Ref":"CostCenter"}
                  },
                  {
                      "Key":"Version",
                      "Value": {"Ref":"Version"}
                  }]
            }
        },
        "S3bucketpolicy":{
            "Type" : "AWS::S3::BucketPolicy",
            "DependsOn":"S3",
            "Properties" : {
               "Bucket" : {
                    "Fn::Sub":[
                        "${ProjectName}-${S3BucketName}",{
                            "ProjectName":{"Ref": "ProjectName"},
                            "S3BucketName":{"Ref": "S3BucketName"}
                    }]
                },
               "PolicyDocument" : {
                    "Version": "2012-10-17",
                    "Statement": [
                        {
                            "Effect": "Allow",
                            "Principal": "*",
                            "Action": "s3:GetObject",
                            "Resource": {"Fn::Sub":["${s3}/public/*",{"s3":{"Fn::GetAtt":["S3","Arn"]} }] }
                        }
                    ]
                }
            }
        },
        "Userpool":{
            "Type":"AWS::Cognito::UserPool",
            "DependsOn":"CongitoTriggerLambda",
            "Properties":{
                "AutoVerifiedAttributes":["email"],
                "LambdaConfig":{
                    "PostConfirmation" : {"Fn::GetAtt":["CongitoTriggerLambda","Arn"] },
                    "UserMigration": {"Fn::GetAtt":["CognitoMigration","Arn"]}
                },
                "EmailVerificationMessage":"{####} is your verification",
                "EmailVerificationSubject":"Verification",
                "UserPoolName":{ "Fn::Sub": [ "${NAME}pool", { "NAME": {"Ref" : "ProjectName" }} ]},
                "UsernameAttributes":["email"],
                "Schema":[{
                    "AttributeDataType":"String",
                    "Name":"name"
                }],
                "UserPoolTags": {
                    "ProjectName":{"Ref":"ProjectName"},
                    "CostCenter":{"Ref":"CostCenter"},
                    "Version": {"Ref":"Version"}
                }
            }
        },
        "Userpoolclient":{
            "Type":"AWS::Cognito::UserPoolClient",
            "Properties":{
                "ClientName":"Clients",
                "ExplicitAuthFlows":["ADMIN_NO_SRP_AUTH"],
                "GenerateSecret": "false",
                "UserPoolId":{ "Ref":"Userpool"}
            }
        },
        "CongitoTriggerLambda":{
            "Type": "AWS::Lambda::Function",
            "Properties": {
                  "Code": {
                    "ZipFile":  { "Fn::Join": ["", [
                      "var response = require('cfn-response');",
                      "exports.handler = function(event, context) {",
                      "   var responseData = {Value: event.ResourceProperties.List};",
                      "   responseData.Value.push(event.ResourceProperties.AppendedItem);",
                      "   response.send(event, context, response.SUCCESS, responseData);",
                      "};"
                    ]]}
                  },
                  "Description": "Congito Trigger",
                  "FunctionName": { "Fn::Sub": [ "${LambdaPrefixName}_cognitoTrigger",{"LambdaPrefixName": {"Ref" :"ProjectName" }} ]},
                  "Handler": "index.handler",
                  "MemorySize": "128",
                  "Role": { "Ref" : "LambdaIAM" },
                  "Runtime": "nodejs10.x",
                  "Timeout": "25"
            }
        },
        "CognitoMigration":{
            "Type": "AWS::Lambda::Function",
            "Properties": {
                  "Code": {
                    "ZipFile":  { "Fn::Join": ["", [
                      "var response = require('cfn-response');",
                      "exports.handler = function(event, context) {",
                      "   var responseData = {Value: event.ResourceProperties.List};",
                      "   responseData.Value.push(event.ResourceProperties.AppendedItem);",
                      "   response.send(event, context, response.SUCCESS, responseData);",
                      "};"
                    ]]}
                  },
                  "Description": "Congito Migration",
                  "FunctionName": { "Fn::Sub": [ "${LambdaPrefixName}_cognitoMigration",{"LambdaPrefixName": {"Ref" :"ProjectName" }} ]},
                  "Handler": "index.handler",
                  "MemorySize": "128",
                  "Role": { "Ref" : "LambdaIAM" },
                  "Runtime": "nodejs10.x",
                  "Timeout": "25"
            }
        }
    },
    "Outputs": {
        "IP": {
            "Value": {"Fn::GetAtt": ["Server", "PrivateIp"]},
            "Description": "Public name (connect via SSH)"
        },
        "SecurityGroup": {
            "Value":{"Ref": "SecurityGroup"},
            "Description": "VPC security Group"
        },
        "S3bucket":{
            "Value":{"Ref":"S3"},
            "Description":"S3 bucket "
        },
        "CognitioARNpool":{
            "Value":{"Fn::GetAtt":["Userpool","Arn"]},
            "Description":"Cognito user pool"
        },
        "CognitoARNclient":{
            "Value":{"Ref":"Userpoolclient"},
            "Description":"cogntio pool client"
        }
    }
}