{
    "AWSTemplateFormatVersion": "2010-09-09",
    "Description": "CloudFormation template for creating an VPN tunnel",
    "Parameters": {
        "IPADDRESS":{
            "Description":"Please write your router IPADDRESS",
            "Type":"String"
        },
        "VPC":{
            "Description":"Vpc for the VPN",
            "Type":"AWS::EC2::VPC::Id"
        },
        "ProjectName":{
            "Description": "Project Name",
            "Default": "ally",
            "Type": "String"
        },
        "CostCenter":{
            "Type":"String",
            "Default": "ally",
            "Description": "Cost center"
        },
        "Version":{
            "Type":"String",
            "Description":"Version",
            "Default": "1.0"
        }
    },
    "Conditions": {
    },
    "Resources":{
        "myCustomerGateway" : {
            "Type" : "AWS::EC2::CustomerGateway",
            "Properties" : {
               "Type" : "ipsec.1",
               "BgpAsn" : "64000",
               "IpAddress" : {"Ref":"IPADDRESS"}
            }
        },
        "myVPNGateway" : {
            "Type" : "AWS::EC2::VPNGateway",
            "Properties" : {
                "Type" : "ipsec.1",
                "Tags" : [{
                    "Key": "ProjectName",
                    "Value": {"Ref":"ProjectName"}
                  },
                  {
                      "Key":"CostCenter",
                      "Value": {"Ref":"CostCenter"}
                  },
                  {
                      "Key":"Version",
                      "Value": {"Ref":"Version"}
                  }]
            }
        },
        "VPCGatewayAttachment":{
            "Type" : "AWS::EC2::VPCGatewayAttachment",
            "Properties" : {
                "VpcId" : {"Ref":"VPC"},
                "VpnGatewayId" : {"Ref":"myVPNGateway"}
              }
        },
        "myVPNConnection" : {
            "Type" : "AWS::EC2::VPNConnection",
            "Properties" : {
               "Type" : "ipsec.1",
               "StaticRoutesOnly" : "true",
               "CustomerGatewayId" : {"Ref" : "myCustomerGateway"},
               "VpnGatewayId" : {"Ref" : "myVPNGateway"}
            }
         }
    },
    "Outputs": {
    }
}