{
    "AWSTemplateFormatVersion": "2010-09-09",
    "Description": "CloudFormation template for creating an ec2 instance",
    "Parameters": {
        "REGION":{
            "Description":"Please select region",
            "Type":"String",
            "Default":"ap-south-1",
            "AllowedValues":["ap-south-1","eu-central-1"]
        },
        "KeyName": {
            "Description": "Key Pair name",
            "Type": "AWS::EC2::KeyPair::KeyName",
            "Default": "my_keypair_name"
        },
        "InstanceType": {
            "Description": "Select one of the possible instance types",
            "Type": "String",
            "Default": "t2.micro",
            "AllowedValues": ["t2.micro","t2.medium","t2.large","t2.xlarge"]
        },
        "S3BucketName":{
            "Description":"Enter the s3 bucket name",
            "Type":"String"
        },
        "DBInstanceType":{
            "Description": "Select one of the possible instance types",
            "Type": "String",
            "Default": "db.t2.micro",
            "AllowedValues": ["db.t2.micro","db.t2.medium","db.t2.large","db.t2.xlarge"]
        },
        "PublicAccess":{
            "AllowedValues": [
                "true",
                "false"
            ],
            "Default": "false",
            "Description":"Public available True or False",
            "Type": "String"
        },
        "CidrIP":{
            "Type":"String",
            "Description":"Please enter Ip two digits example 172.15"
        },
        "VPCCidrSize":{
            "Type":"String",
            "Default":"16",
            "Description":"Size of the VPC CIDR block example 24"
        },
        "CidrSize":{
            "Type":"String",
            "Default":"24",
            "Description":"Size of the subnet CIDR block example 24"
        },
        "DBSnapshotIdetifier":{
            "Description": "Select give snapshot identifier (OPTIONAL)",
            "Type": "String"
        },
        "RDSUsername":{
            "Description": "RDS username",
            "Default":"admin",
            "Type": "String"
        },
        "RDSPassowrd":{
            "Description": "RDS passowrd",
            "Default":"1qazxsw23edcvfr4",
            "Type": "String"
        },
        "ProjectName":{
            "Description": "Project Name",
            "Default": "ally",
            "Type": "String"
        },
        "CostCenter":{
            "Type":"String",
            "Default": "ally",
            "Description": "Cost center"
        },
        "Version":{
            "Type":"String",
            "Description":"Version",
            "Default": "1.0"
        }
    },
    "Conditions": {
        "UseDBSnapshot": {"Fn::Not": [{"Fn::Equals" : [{"Ref" : "DBSnapshotIdetifier"}, ""]}]}
    },
    "Resources":{
        "VPC": {
            "Type": "AWS::EC2::VPC",
            "Properties": {
              "CidrBlock": {
                  "Fn::Sub":[
                      "${CidrIP}.0.0/${CidrSize}",
                        {
                          "CidrIP":{"Ref":"CidrIP"},
                          "CidrSize":{"Ref":"VPCCidrSize"}
                        }
                    ]
                },
              "EnableDnsSupport": "true",
              "EnableDnsHostnames": "false",
              "Tags": [{
                  "Key": "ProjectName",
                  "Value": {"Ref":"ProjectName"}
                },
                {
                    "Key":"CostCenter",
                    "Value": {"Ref":"CostCenter"}
                },
                {
                    "Key":"Version",
                    "Value": {"Ref":"Version"}
                }]
            }
        },
        "InstanceSubnet" : {
            "Type" : "AWS::EC2::Subnet",
            "DependsOn" : "VPC",
            "Properties" : {
               "VpcId" : { "Ref" : "VPC" },
               "CidrBlock" : {
                "Fn::Sub":[
                    "${CidrIP}.1.0/${CidrSize}",
                      {
                        "CidrIP":{"Ref":"CidrIP"},
                        "CidrSize":{"Ref":"CidrSize"}
                      }
                  ]
              },
               "AvailabilityZone" : {
                    "Fn::Sub":[
                        "${REGION}a",
                        {
                            "REGION":{"Ref":"REGION"}
                        }
                    ]
                },
               "Tags" : [{
                "Key": "ProjectName",
                "Value": {"Ref":"ProjectName"}
              },
              {
                  "Key":"CostCenter",
                  "Value": {"Ref":"CostCenter"}
              },
              {
                  "Key":"Version",
                  "Value": {"Ref":"Version"}
              }]
            }
        },
        "PrivateRouteTable": {
            "Type": "AWS::EC2::RouteTable",
            "Properties": {
                "VpcId": { "Ref" : "VPC" },
                "Tags" : [{
                    "Key": "ProjectName",
                    "Value": {"Ref":"ProjectName"}
                  },
                  {
                      "Key":"CostCenter",
                      "Value": {"Ref":"CostCenter"}
                  },
                  {
                      "Key":"Version",
                      "Value": {"Ref":"Version"}
                  }]
            }
        },
        "PublicSubnet" : {
            "Type" : "AWS::EC2::Subnet",
            "Properties" : {
               "VpcId" : { "Ref" : "VPC" },
               "CidrBlock" : {
                "Fn::Sub":[
                    "${CidrIP}.10.0/${CidrSize}",
                      {
                        "CidrIP":{"Ref":"CidrIP"},
                        "CidrSize":{"Ref":"CidrSize"}
                      }
                  ]
              },
               "AvailabilityZone" : {
                    "Fn::Sub":[
                        "${REGION}a",
                        {
                            "REGION":{"Ref":"REGION"}
                        }
                    ]
                },
               "Tags" : [{
                        "Key": "ProjectName",
                        "Value": {"Ref":"ProjectName"}
                    },
                    {
                        "Key":"CostCenter",
                        "Value": {"Ref":"CostCenter"}
                    },
                    {
                        "Key":"Version",
                        "Value": {"Ref":"Version"}
                    }]
            }
        },
        "PublicSubnetSubnetRouteTableAssociation" : {
            "Type" : "AWS::EC2::SubnetRouteTableAssociation",
            "DependsOn":"InstanceSubnet",
            "Properties" : {
               "SubnetId" : { "Ref" : "PublicSubnet" },
               "RouteTableId" : { "Ref" : "PublicRouteTable" }
            }
        },
        "PublicRouteTable":{
            "Type": "AWS::EC2::RouteTable",
            "Properties": {
                "VpcId": { "Ref" : "VPC" },
                "Tags" : [{
                    "Key": "ProjectName",
                    "Value": {"Ref":"ProjectName"}
                    },
                    {
                        "Key":"CostCenter",
                        "Value": {"Ref":"CostCenter"}
                    },
                    {
                        "Key":"Version",
                        "Value": {"Ref":"Version"}
                    }]
            }
        },
        "SecurityGroup":{
            "Type": "AWS::EC2::SecurityGroup",
            "Properties": {
                "GroupName": "Internet Group",
                "GroupDescription": "SSH traffic in, all traffic out",
                "VpcId": {"Ref": "VPC"},
                "SecurityGroupIngress": [{
                    "CidrIp": "0.0.0.0/0",
                    "FromPort": 22,
                    "IpProtocol": "tcp",
                    "ToPort": 22
                },{
                    "CidrIp":"0.0.0.0/0",
                    "FromPort": 7474,
                    "IpProtocol":"tcp",
                    "ToPort": 7474
                },{
                    "CidrIp":"0.0.0.0/0",
                    "FromPort": 7687,
                    "IpProtocol":"tcp",
                    "ToPort": 7687
                }],
                "Tags" : [{
                    "Key": "ProjectName",
                    "Value": {"Ref":"ProjectName"}
                  },
                  {
                      "Key":"CostCenter",
                      "Value": {"Ref":"CostCenter"}
                  },
                  {
                      "Key":"Version",
                      "Value": {"Ref":"Version"}
                  }]
            }
        },
        "Server": {
            "Type": "AWS::EC2::Instance",
            "DependsOn":"SecurityGroup",
            "Properties": {
                "InstanceType": {"Ref": "InstanceType"},
                "KeyName": {"Ref": "KeyName"},
                "AvailabilityZone" : {
                    "Fn::Sub":[
                        "${REGION}a",
                        {
                            "REGION":{"Ref":"REGION"}
                        }
                    ]
                },
                "SecurityGroupIds": [{"Ref": "SecurityGroup"}],
                "SubnetId": {"Ref": "InstanceSubnet"},
                "ImageId": "ami-0acacc9af5b4bfa62",
                "BlockDeviceMappings": [{
                        "DeviceName": "/dev/sda1",
                        "Ebs": {
                            "VolumeSize": "8"
                        }
                }],
                "Tags" : [{
                    "Key": "ProjectName",
                    "Value": {"Ref":"ProjectName"}
                  },
                  {
                      "Key":"CostCenter",
                      "Value": {"Ref":"CostCenter"}
                  },
                  {
                      "Key":"Version",
                      "Value": {"Ref":"Version"}
                  }]
            }
        },
        "APIGatewayAPI":{
            "Type":"AWS::ApiGateway::RestApi",
            "Properties" : {
                  "Name" : {"Fn::Sub":["${ProjectName}_API",{"ProjectName":{"Ref":"ProjectName"}}]}
            }
        },
        "S3":{
            "Type" : "AWS::S3::Bucket",
            "Properties" : {
                "BucketName" : {
                    "Fn::Sub":[
                        "${ProjectName}-${S3BucketName}",{
                            "ProjectName":{"Ref": "ProjectName"},
                            "S3BucketName":{"Ref": "S3BucketName"}
                    }]
                },
                "CorsConfiguration" : {
                    "CorsRules":[{
                        "AllowedHeaders" : [ "*" ],
                        "AllowedMethods" : [ "GET","PUT" ],
                        "AllowedOrigins" : [ "*" ]
                    }]
                },
                "Tags" : [{
                    "Key": "ProjectName",
                    "Value": {"Ref":"ProjectName"}
                  },
                  {
                      "Key":"CostCenter",
                      "Value": {"Ref":"CostCenter"}
                  },
                  {
                      "Key":"Version",
                      "Value": {"Ref":"Version"}
                  }]
            }
        },
        "S3bucketpolicy":{
            "Type" : "AWS::S3::BucketPolicy",
            "DependsOn":"S3",
            "Properties" : {
               "Bucket" : {
                    "Fn::Sub":[
                        "${ProjectName}-${S3BucketName}",{
                            "ProjectName":{"Ref": "ProjectName"},
                            "S3BucketName":{"Ref": "S3BucketName"}
                    }]
                },
               "PolicyDocument" : {
                    "Version": "2012-10-17",
                    "Statement": [
                        {
                            "Effect": "Allow",
                            "Principal": "*",
                            "Action": "s3:GetObject",
                            "Resource": {"Fn::Sub":["${s3}/public/*",{"s3":{"Fn::GetAtt":["S3","Arn"]} }] }
                        }
                    ]
                }
            }
        },
        "RDSSubnet" : {
            "Type" : "AWS::EC2::Subnet",
            "DependsOn" : "VPC",
            "Properties" : {
               "CidrBlock" : {
                    "Fn::Sub":[
                        "${CidrIP}.20.0/${CidrSize}",
                        {
                            "CidrIP":{"Ref":"CidrIP"},
                            "CidrSize":{"Ref":"CidrSize"}
                        }
                    ]
                },
               "AvailabilityZone" : {
                    "Fn::Sub":[
                        "${REGION}a",
                        {
                            "REGION":{"Ref":"REGION"}
                        }
                    ]
                },
               "Tags" : [{
                "Key": "ProjectName",
                "Value": {"Ref":"ProjectName"}
              },
              {
                  "Key":"CostCenter",
                  "Value": {"Ref":"CostCenter"}
              },
              {
                  "Key":"Version",
                  "Value": {"Ref":"Version"}
              }]
            }
        },
        "LambdaSubnet1":{
            "Type" : "AWS::EC2::Subnet",
            "DependsOn" : "VPC",
            "Properties" : {
               "CidrBlock" : {
                    "Fn::Sub":[
                        "${CidrIP}.30.0/${CidrSize}",
                        {
                            "CidrIP":{"Ref":"CidrIP"},
                            "CidrSize":{"Ref":"CidrSize"}
                        }
                    ]
                },
               "AvailabilityZone" : {
                    "Fn::Sub":[
                        "${REGION}a",
                        {
                            "REGION":{"Ref":"REGION"}
                        }
                    ]
                },
               "Tags" : [{
                "Key": "ProjectName",
                "Value": {"Ref":"ProjectName"}
              },
              {
                  "Key":"CostCenter",
                  "Value": {"Ref":"CostCenter"}
              },
              {
                  "Key":"Version",
                  "Value": {"Ref":"Version"}
              }]
            }
        },
        "LambdaSubnet2":{
            "Type" : "AWS::EC2::Subnet",
            "Properties" : {
               "VpcId" : { "Ref" : "VPC" },
               "CidrBlock" :{
                        "Fn::Sub":[
                            "${CidrIP}.40.0/${CidrSize}",
                            {
                                "CidrIP":{"Ref":"CidrIP"},
                                "CidrSize":{"Ref":"CidrSize"}
                            }
                        ]
                    },
               "AvailabilityZone" : {
                    "Fn::Sub":[
                        "${REGION}a",
                        {
                            "REGION":{"Ref":"REGION"}
                        }
                    ]
                },
               "Tags" : [{
                "Key": "ProjectName",
                "Value": {"Ref":"ProjectName"}
              },
              {
                  "Key":"CostCenter",
                  "Value": {"Ref":"CostCenter"}
              },
              {
                  "Key":"Version",
                  "Value": {"Ref":"Version"}
              }]
            }
        },
        "LambdaSubnet3":{
            "Type" : "AWS::EC2::Subnet",
            "Properties" : {
               "VpcId" : { "Ref" : "VPC" },
               "CidrBlock" : {
                    "Fn::Sub":[
                        "${CidrIP}.50.0/${CidrSize}",
                        {
                            "CidrIP":{"Ref":"CidrIP"},
                            "CidrSize":{"Ref":"CidrSize"}
                        }
                    ]
                },
               "AvailabilityZone" : {
                    "Fn::Sub":[
                        "${REGION}b",
                        {
                            "REGION":{"Ref":"REGION"}
                        }
                    ]
                },
               "Tags" : [{
                    "Key": "ProjectName",
                    "Value": {"Ref":"ProjectName"}
                    },
                    {
                        "Key":"CostCenter",
                        "Value": {"Ref":"CostCenter"}
                    },
                    {
                        "Key":"Version",
                        "Value": {"Ref":"Version"}
                    }]
            }
        },
        "DBSubnetGroup" : {
            "Type" : "AWS::RDS::DBSubnetGroup",
            "DependsOn" : "RDSSubnet",
            "Properties" : {
                "DBSubnetGroupDescription":"Database subnet",
                "SubnetIds" : [
                   { "Ref" : "InstanceSubnet" },
                   { "Ref" : "RDSSubnet" },
                   { "Ref" : "LambdaSubnet1"},
                   { "Ref" : "LambdaSubnet2"},
                   { "Ref" : "LambdaSubnet3"}
                ]
            }
         },
         "InstanceSubnetSubnetRouteTableAssociation" : {
            "Type" : "AWS::EC2::SubnetRouteTableAssociation",
            "DependsOn":"InstanceSubnet",
            "Properties" : {
               "SubnetId" : { "Ref" : "InstanceSubnet" },
               "RouteTableId" : { "Ref" : "PrivateRouteTable" }
            }
        },
        "RDSSubnetSubnetRouteTableAssociation" : {
            "Type" : "AWS::EC2::SubnetRouteTableAssociation",
            "DependsOn":"RDSSubnet",
            "Properties" : {
               "SubnetId" : { "Ref" : "RDSSubnet" },
               "RouteTableId" : { "Ref" : "PrivateRouteTable" }
            }
        },
        "LambdaSubnet1SubnetRouteTableAssociation" : {
            "Type" : "AWS::EC2::SubnetRouteTableAssociation",
            "DependsOn":"LambdaSubnet1",
            "Properties" : {
               "SubnetId" : { "Ref" : "LambdaSubnet1" },
               "RouteTableId" : { "Ref" : "PrivateRouteTable" }
            }
        },
        "LambdaSubnet2SubnetRouteTableAssociation" : {
            "Type" : "AWS::EC2::SubnetRouteTableAssociation",
            "DependsOn":"LambdaSubnet2",
            "Properties" : {
               "SubnetId" : { "Ref" : "LambdaSubnet2" },
               "RouteTableId" : { "Ref" : "PrivateRouteTable" }
            }
        },
        "LambdaSubnet3SubnetRouteTableAssociation" : {
            "Type" : "AWS::EC2::SubnetRouteTableAssociation",
            "DependsOn":"LambdaSubnet3",
            "Properties" : {
               "SubnetId" : { "Ref" : "LambdaSubnet3" },
               "RouteTableId" : { "Ref" : "PrivateRouteTable" }
            }
        },
        "RDS":{
            "Type": "AWS::RDS::DBInstance",
            "Properties" : {
                "AllocatedStorage" : "100",
                "AvailabilityZone" : {
                    "Fn::Sub":[
                        "${REGION}a",
                        {
                            "REGION":{"Ref":"REGION"}
                        }
                    ]
                },
                "DBInstanceClass" : {"Ref":"DBInstanceType"},
                "DBName" : {"Fn::Sub":["${ProjectName}",{"ProjectName":{"Ref":"ProjectName"} }] },
                "DBSnapshotIdentifier" : {
                    "Fn::If" : [
                      "UseDBSnapshot",
                      {"Ref" : "DBSnapshotIdetifier"},
                      {"Ref" : "AWS::NoValue"}
                    ]
                },
                "DeletionProtection" : "True",
                "Engine" : "MySQL",
                "EngineVersion" : "5.6.40",
                "MasterUsername" : {"Ref":"RDSUsername"},
                "MasterUserPassword" : {"Ref":"RDSPassowrd"},
                "DBSubnetGroupName": { "Ref": "DBSubnetGroup" },
                "Port" : "3306",
                "PubliclyAccessible" : {"Ref":"PublicAccess"},
                "Tags" : [{
                    "Key": "ProjectName",
                    "Value": {"Ref":"ProjectName"}
                },
                {
                    "Key":"CostCenter",
                    "Value": {"Ref":"CostCenter"}
                },
                {
                    "Key":"Version",
                    "Value": {"Ref":"Version"}
                }]
            }
        },
        "Userpool":{
            "Type":"AWS::Cognito::UserPool",
            "DependsOn":"CongitoTriggerLambda",
            "Properties":{
                "AliasAttributes":["email"],
                "AutoVerifiedAttributes":["email"],
                "LambdaConfig":{
                    "PostConfirmation" : {"Fn::GetAtt":["CongitoTriggerLambda","Arn"] }
                },
                "EmailVerificationMessage":"{####} is your verification",
                "EmailVerificationSubject":"Verification",
                "UserPoolName":{ "Fn::Sub": [ "${NAME}pool", { "NAME": {"Ref" : "ProjectName" }} ]}
            }
        },
        "Userpoolclient":{
            "Type":"AWS::Cognito::UserPoolClient",
            "Properties":{
                "ClientName":"Clients",
                "ExplicitAuthFlows":["ADMIN_NO_SRP_AUTH"],
                "GenerateSecret": "false",
                "UserPoolId":{ "Ref":"Userpool"}
            }
        },
        "LambdaIAM":{
            "Type": "AWS::IAM::Role",
            "Properties": {
                "AssumeRolePolicyDocument": {
                    "Version": "2012-10-17",
                    "Statement": [{
                        "Effect": "Allow",
                        "Principal":{
                            "Service": ["lambda.amazonaws.com"]
                        },
                        "Action": ["sts:AssumeRole"]
                    }]
                },
                "Path": "/",
                "Policies": [{
                    "PolicyName":"LambdaIAM",
                    "PolicyDocument":{
                        "Version": "2012-10-17",
                        "Statement": [{
                                "Effect": "Allow",
                                "Action": [
                                    "lambda:CreateFunction",
                                    "iam:UpdateAssumeRolePolicy",
                                    "lambda:InvokeFunction",
                                    "apigateway:*",
                                    "lambda:GetFunction",
                                    "lambda:UpdateFunctionConfiguration",
                                    "s3:ListBucket",
                                    "s3:PutBucketCORS",
                                    "lambda:UpdateAlias",
                                    "s3:PutObject",
                                    "s3:GetObject",
                                    "lambda:UpdateFunctionCode",
                                    "iam:PassRole",
                                    "s3:ListAllMyBuckets",
                                    "s3:GetBucketCORS",
                                    "lambda:PublishVersion",
                                    "lambda:CreateAlias",
                                    "logs:CreateLogGroup",
                                    "logs:CreateLogStream",
                                    "logs:PutLogEvents",
                                    "ec2:CreateNetworkInterface",
                                    "ec2:DescribeNetworkInterfaces",
                                    "ec2:DeleteNetworkInterface"
                                ],
                                "Resource": "*"
                        }]
                    }
                }]
            }
        },
        "bitbucketIAM":{
            "Type":"AWS::IAM::Role",
            "Properties":{
                "AssumeRolePolicyDocument": {
                    "Version": "2012-10-17",
                    "Statement": [{
                            "Action": "sts:AssumeRole", 
                            "Effect": "Allow", 
                            "Principal": {
                                "Service": "lambda.amazonaws.com"
                            }
                    }]
                },
                "Path": "/",
                "Policies":[{
                    "PolicyName":"bitbucketIAM",
                    "PolicyDocument":{
                        "Version": "2012-10-17",
                        "Statement": [{
                                "Effect": "Allow",
                                "Action": [
                                    "lambda:CreateFunction",
                                    "iam:UpdateAssumeRolePolicy",
                                    "lambda:InvokeFunction",
                                    "apigateway:*",
                                    "lambda:GetFunction",
                                    "lambda:UpdateFunctionConfiguration",
                                    "s3:ListBucket",
                                    "s3:PutBucketCORS",
                                    "lambda:UpdateAlias",
                                    "s3:PutObject",
                                    "s3:GetObject",
                                    "lambda:UpdateFunctionCode",
                                    "iam:PassRole",
                                    "s3:ListAllMyBuckets",
                                    "s3:GetBucketCORS",
                                    "lambda:PublishVersion",
                                    "lambda:CreateAlias"
                                ],
                                "Resource": "*"
                        }]
                    }
                }]
            }
        },
        "APIGatewayIAM":{
            "Type":"AWS::IAM::Role",
            "Properties":{
                "AssumeRolePolicyDocument": {
                    "Version": "2012-10-17",
                    "Statement": [{
                        "Effect": "Allow",
                        "Principal":{
                            "Service": ["lambda.amazonaws.com"]
                        },
                        "Action": ["sts:AssumeRole"]
                    }]
                },
                "Path": "/",
                "Policies":[{
                    "PolicyName":"APIGatewayIAM",
                    "PolicyDocument":{
                        "Version": "2012-10-17",
                        "Statement": [{
                                "Effect": "Allow",
                                "Action": [
                                    "lambda:CreateFunction",
                                    "iam:UpdateAssumeRolePolicy",
                                    "lambda:InvokeFunction",
                                    "apigateway:*",
                                    "lambda:GetFunction",
                                    "lambda:UpdateFunctionConfiguration",
                                    "s3:ListBucket",
                                    "s3:PutBucketCORS",
                                    "lambda:UpdateAlias",
                                    "s3:PutObject",
                                    "s3:GetObject",
                                    "lambda:UpdateFunctionCode",
                                    "iam:PassRole",
                                    "s3:ListAllMyBuckets",
                                    "s3:GetBucketCORS",
                                    "lambda:PublishVersion",
                                    "lambda:CreateAlias"
                                ],
                                "Resource": "*"
                        }]
                    }
                }]
            }
        },
        "CongitoTriggerLambda":{
            "Type": "AWS::Lambda::Function",
            "Properties": {
                  "Code": {
                    "ZipFile":  { "Fn::Join": ["", [
                      "var response = require('cfn-response');",
                      "exports.handler = function(event, context) {",
                      "   var responseData = {Value: event.ResourceProperties.List};",
                      "   responseData.Value.push(event.ResourceProperties.AppendedItem);",
                      "   response.send(event, context, response.SUCCESS, responseData);",
                      "};"
                    ]]}
                  },
                  "Description": "Congito Trigger",
                  "FunctionName": { "Fn::Sub": [ "${LambdaPrefixName}_cognitoTrigger",{"LambdaPrefixName": {"Ref" :"ProjectName" }} ]},
                  "Handler": "index.handler",
                  "MemorySize": "128",
                  "Role": { "Fn::GetAtt" : ["LambdaIAM", "Arn"] },
                  "Runtime": "nodejs6.10",
                  "Timeout": "25"
            }
        }
    },
    "Outputs": {
        "IP": {
            "Value": {"Fn::GetAtt": ["Server", "PrivateDnsName"]},
            "Description": "Public name (connect via SSH)"
        },
        "IAMACCESSKey":{
            "Value": {"Fn::GetAtt":["bitbucketIAM","Arn"]},
            "Description": "IAM for the bitbucket"
        },
        "RoleAssociatedWithlambda":{
            "Value": {"Fn::GetAtt":["LambdaIAM","Arn"]},
            "Description": "IAM lambda for role"
        },
        "APIgatewayARN":{
            "Value":{"Fn::GetAtt":["APIGatewayIAM","Arn"]},
            "Description":"Api Gateway ARN"
        },
        "APIID":{
            "Value":{"Fn::GetAtt":["APIGatewayAPI","RootResourceId"]},
            "Description":"API for the API"
        },
        "S3bucket":{
            "Value":{"Ref":"S3"},
            "Description":"S3 bucket "
        },
        "CognitioARNpool":{
            "Value":{"Fn::GetAtt":["Userpool","Arn"]},
            "Description":"Cognito user pool"
        },
        "CognitoARNclient":{
            "Value":{"Ref":"Userpoolclient"},
            "Description":"cogntio pool client"
        },
        "VPCID":{
            "Value":{"Ref":"VPC"},
            "Description":"VPC Id"
        },
        "RDSHOST":{
            "Value":{"Ref":"RDS"},
            "Description":"RDS host"
        },
        "RDSUser":{
            "Value":{"Ref":"RDSUsername"},
            "Description":"RDS user"
        },
        "RDSpassword":{
            "Value":{"Ref":"RDSPassowrd"},
            "Description":"RDS password"
        }
    }
}